{
    "tray": {
        "TF": [
            439.645,
            -698.964
        ],
        "BF": [
            423.59268249586694,
            -1087.5363129003745
        ],
        "OP1": [
            494.81592325925817,
            -807.2143775453973
        ],
        "CP1": [
            569.7885247043496,
            -807.4804349742856
        ],
        "OP2": [
            593.1204598221548,
            -998.0872437447451
        ],
        "CP2": [
            518.2329909643562,
            -997.794607328276
        ]
    }
}